{"accuracy": [0.46152642369270325, 0.7449747323989868, 0.8270716071128845, 0.872323751449585, 0.9022120833396912, 0.9223557710647583, 0.9377622604370117, 0.9473931193351746, 0.9574791789054871, 0.9630841612815857], "loss": [1.886414885520935, 0.8333162069320679, 0.5441267490386963, 0.3994295597076416, 0.30066654086112976, 0.23966501653194427, 0.1893710345029831, 0.1564892679452896, 0.12807758152484894, 0.11027771979570389], "val_accuracy": [0.7489187121391296, 0.8453221321105957, 0.8645003437995911, 0.9065558910369873, 0.9151490926742554, 0.9379695057868958, 0.9441725611686707, 0.9421238303184509, 0.9534486532211304, 0.948952853679657], "val_loss": [0.8299171328544617, 0.5070146322250366, 0.42209917306900024, 0.28918978571891785, 0.2646785378456116, 0.19019649922847748, 0.17193689942359924, 0.18053299188613892, 0.14240746200084686, 0.16230915486812592]}